country,code,name,market,fin
미국,AAPL,애플,,
미국,MSFT,마이크로소프트,,
미국,NVDA,엔비디아,,
미국,GOOGL,알파벳,,
미국,AMZN,아마존,,
미국,META,메타,,
미국,AVGO,브로드컴,,
미국,TSLA,테슬라,,
미국,LLY,일라이 릴리,,
미국,COST,코스트코,,
미국,JNJ,존슨앤드존슨,,
미국,PG,P&G,,
미국,XOM,엑슨모빌,,
미국,HD,홈디포,,
미국,ORCL,오라클,,
한국,005930,삼성전자,KOSPI,
한국,000660,SK하이닉스,KOSPI,
한국,373220,LG에너지솔루션,KOSPI,
한국,207940,삼성바이오로직스,KOSPI,
한국,005380,현대차,KOSPI,
한국,000270,기아,KOSPI,
한국,068270,셀트리온,KOSPI,
한국,035420,NAVER,KOSPI,
한국,012330,현대모비스,KOSPI,
한국,051910,LG화학,KOSPI,
한국,006400,삼성SDI,KOSPI,
한국,035720,카카오,KOSPI,
한국,028260,삼성물산,KOSPI,
한국,066570,LG전자,KOSPI,
한국,017670,SK텔레콤,KOSPI,
